{
    "restaurants": [
        {
            "blurhash": "UUKJMXv|x]oz0gtRM{V@AHRQwvxZXSs9s;o0",
            "city": "Helsinki",
            "currency": "EUR",
            "delivery_price": 390,
            "description": "Asenneburgeri",
            "image": "https://prod-wolt-venue-images-cdn.wolt.com/5b348b31fe8992000bbec771/2be8c7738b220df2f9a0974da5c90d90",
            "location": [
                24.941325187683105,
                60.169938852212965
            ],
            "name": "Social Burgerjoint Citycenter",
            "online": false,
            "tags": [
                "hamburger",
                "fries"
            ]
        },
        {
            "blurhash": "U8INy*D+KjIW%3pZ$yx[5T0Lv|_1.3m,0z9h",
            "city": "Helsinki",
            "currency": "EUR",
            "delivery_price": 390,
            "description": "Japanilaista ramenia parhaimmillaan",
            "image": "https://prod-wolt-venue-images-cdn.wolt.com/5d108aa82e757db3f4946ca9/d88ebd36611a5e56bfc6a60264fe3f81",
            "location": [
                24.941786527633663,
                60.169934599421396
            ],
            "name": "Momotoko Citycenter",
            "online": false,
            "tags": [
                "ramen",
                "risotto"
            ]
        },
        {
            "blurhash": "UXJHswsy-n%0~T%Ka%NLNFjFxvNe%MRjM|ax",
            "city": "Helsinki",
            "currency": "EUR",
            "delivery_price": 390,
            "description": "Modernia gourmet-kebabia ",
            "image": "https://prod-wolt-venue-images-cdn.wolt.com/5abcf2d270aae6000deacff0/9c21840f97e01f5c293eae0993b4faa2",
            "location": [
                24.94184732393478,
                60.16993168083865
            ],
            "name": "D\u00f6ner Harju City",
            "online": true,
            "tags": [
                "kebab",
                "d\u00f6ner"
            ]
        },
        {
            "blurhash": "ULL;EN%4?c-Oys?wxuTJ?ujERQMxw[M{aeR4",
            "city": "Helsinki",
            "currency": "EUR",
            "delivery_price": 390,
            "description": "Viihtyis\u00e4 kiinalainen ravintola",
            "image": "https://prod-wolt-venue-images-cdn.wolt.com/5cfa497902b535ee1c620fca/2c451d88fe96dc04d228dc4cd3dd23a5",
            "location": [
                24.94148075580597,
                60.16990257838493
            ],
            "name": "Bi\u00e1ng! Citycenter",
            "online": true,
            "tags": [
                "chinese",
                "asian"
            ]
        },
        {
            "blurhash": "UELWIZ-n~pxt?a9tbwIpx^o#OoRkbsD%tP^P",
            "city": "Helsinki",
            "currency": "EUR",
            "delivery_price": 390,
            "description": "Trendikk\u00e4\u00e4t havaijilaiset poket",
            "image": "https://prod-wolt-venue-images-cdn.wolt.com/5b8e46f4c9d2f5000b8216fa/4c97474360f98231b7bb1f90e430855d",
            "location": [
                24.941325187683105,
                60.16988548380842
            ],
            "name": "Hey Poke Citycenter",
            "online": false,
            "tags": [
                "poke",
                "Hawaii"
            ]
        },
        {
            "blurhash": "UZP$~|R*o~tRyEM{V[f7?wRjVsV@IAozfhae",
            "city": "Helsinki",
            "currency": "EUR",
            "delivery_price": 390,
            "description": "Ilmi\u00f6m\u00e4isi\u00e4 sushiburritoja",
            "image": "https://prod-wolt-venue-images-cdn.wolt.com/57d7af84b7426f114912b2a1/75742ebe3c411262325c647a3acbd5b2",
            "location": [
                24.9400752782822,
                60.1701494897883
            ],
            "name": "Soma Food, Kaivokatu",
            "online": true,
            "tags": [
                "sushi",
                "burrito"
            ]
        },
        {
            "blurhash": "UdI3~;Ip0}Rk={bH9]oJW.RjnlbvNeV@xtbI",
            "city": "Helsinki",
            "currency": "EUR",
            "delivery_price": 390,
            "description": "Tuoretta ja laadukasta sushia",
            "image": "https://prod-wolt-venue-images-cdn.wolt.com/5ad7050b879256000b477e16/705b6f09e5e4b33779b45afffb994cac",
            "location": [
                24.94049370288849,
                60.16995648878383
            ],
            "name": "Luckiefun's Kaivokatu",
            "online": false,
            "tags": [
                "sushi",
                "japanese"
            ]
        },
        {
            "blurhash": "U8Q9.m.TDitlysx]9u%2?bVX-TIn_2gP?bxu",
            "city": "Helsinki",
            "currency": "EUR",
            "delivery_price": 390,
            "description": "Urbaani citysuunnistaja keskustassa",
            "image": "https://prod-wolt-venue-images-cdn.wolt.com/5afebf92317288000b8e4c17/24797b40bc5f136cb5605f4de79c0a42",
            "location": [
                24.941813349723816,
                60.16974835162762
            ],
            "name": "Sushibar + Wine City",
            "online": false,
            "tags": [
                "sushi",
                "japanese"
            ]
        },
        {
            "blurhash": "UEKTMO_N@XpINfXn%Mxu_2kV9FtSi{V@RORj",
            "city": "Helsinki",
            "currency": "EUR",
            "delivery_price": 390,
            "description": "Maukkaat ja reilut pitat, salaatit ja falafelit",
            "image": "https://prod-wolt-venue-images-cdn.wolt.com/5de0e07c8995dc9c25304c9f/7680cf2cffae35b7302e3a91b65ce8f5",
            "location": [
                24.93900239467621,
                60.1707249837842
            ],
            "name": "Fafa's Sokos",
            "online": true,
            "tags": [
                "street food",
                "pita"
            ]
        },
        {
            "blurhash": "UEKTMO_N@XpINfXn%Mxu^+kV9FtSi{V@RORj",
            "city": "Helsinki",
            "currency": "EUR",
            "delivery_price": 390,
            "description": "Herkulliset pitaleiv\u00e4t ja falafelit",
            "image": "https://prod-wolt-venue-images-cdn.wolt.com/5996b207ac09660afae98373/7680cf2cffae35b7302e3a91b65ce8f5",
            "location": [
                24.9417033791542,
                60.169590913672
            ],
            "name": "Fafa's Cityk\u00e4yt\u00e4v\u00e4",
            "online": false,
            "tags": [
                "pita",
                "falafel"
            ]
        },
        {
            "blurhash": "UGGI7M9Y.T-Q_N4:.8W,-;xC-:o3Rkjvn$$$",
            "city": "Helsinki",
            "currency": "EUR",
            "delivery_price": 390,
            "description": "Fresh ingredients makes fresh taste",
            "image": "https://prod-wolt-venue-images-cdn.wolt.com/5d63b2f947e0db48e4c19e46/f790340eaf6cce48712fd7a0887ba65c",
            "location": [
                24.941448569297787,
                60.16931552051862
            ],
            "name": "Sandro Cityk\u00e4yt\u00e4v\u00e4",
            "online": true,
            "tags": [
                "middle eastern",
                "north-african"
            ]
        },
        {
            "blurhash": "UTE.Oqxu0fxu-:soWCSgNIWXxZs:NJW=kAs.",
            "city": "Helsinki",
            "currency": "EUR",
            "delivery_price": 390,
            "description": "Herkullisia burgereita ja pihvej\u00e4",
            "image": "https://prod-wolt-venue-images-cdn.wolt.com/568f89054f2a1574b0bf0d21/ba4c91a913aa4e7bee2157d26800f9d3",
            "location": [
                24.94346022605896,
                60.16959412414628
            ],
            "name": "MorriSon's Helsinki",
            "online": false,
            "tags": [
                "steak",
                "bar"
            ]
        },
        {
            "blurhash": "UULXA2%1%%a#oIxZM{kC.TofROWCxuRkogWU",
            "city": "Helsinki",
            "currency": "EUR",
            "delivery_price": 390,
            "description": "Maailman suurin pizzaketju",
            "image": "https://prod-wolt-venue-images-cdn.wolt.com/55fff28cdef54a6c86e71bd5/dbe320a61e265a1a85293db4d4f962ae",
            "location": [
                24.94167387485504,
                60.16923254771562
            ],
            "name": "Pizza Hut Cityk\u00e4yt\u00e4v\u00e4",
            "online": true,
            "tags": []
        },
        {
            "blurhash": "UFCsQ;M|slM~$kfloLsA02xsR.xWxuslW:W=",
            "city": "Helsinki",
            "currency": "EUR",
            "delivery_price": 390,
            "description": "Smoothiet ja leiv\u00e4t nopeasti",
            "image": "https://prod-wolt-venue-images-cdn.wolt.com/56653ef5c26b4c6830ede645/7ebc624172ee732134538bebde1d0f20",
            "location": [
                24.94018793106079,
                60.17241188234262
            ],
            "name": "FreshStop Eliel",
            "online": true,
            "tags": [
                "caf\u00e9",
                "coffee"
            ]
        },
        {
            "blurhash": "UOGuj,=_xt01nz%2$jR64nRjj[nkS$M|bFxu",
            "city": "Helsinki",
            "currency": "EUR",
            "delivery_price": 390,
            "description": "Japanilaista ruokaa twistill\u00e4",
            "image": "https://prod-wolt-venue-images-cdn.wolt.com/5caf4751b216dd000dd73660/bb2cdb3942e414c2a07b153d6949c0c4",
            "location": [
                24.938106536865234,
                60.171354167342905
            ],
            "name": "Mashiro Postitalo",
            "online": true,
            "tags": [
                "japanese",
                "modern"
            ]
        },
        {
            "blurhash": "UHKKK5^Qo|%3*0GZXUR44n$fx9s;Z$M{xas,",
            "city": "Helsinki",
            "currency": "EUR",
            "delivery_price": 390,
            "description": "Home of Freshness",
            "image": "https://prod-wolt-venue-images-cdn.wolt.com/5c1bb3c58d5781000abfd079/0ff324c4df574ddc1a6699cf26992b55",
            "location": [
                24.945595264434814,
                60.17096459277974
            ],
            "name": "Vapiano Mikonkatu",
            "online": true,
            "tags": [
                "pizza",
                "pasta"
            ]
        },
        {
            "blurhash": "UMLNV:rqJ7Mc~pkrNf%NyE-AVYt6J.oKRPx^",
            "city": "Helsinki",
            "currency": "EUR",
            "delivery_price": 390,
            "description": "Herkullisia hot wingsej\u00e4",
            "image": "https://prod-wolt-venue-images-cdn.wolt.com/590c53172b10d62f9ac14830/2b416f8e941ceebb6e5d2e2efc8c81ce",
            "location": [
                24.9454665184021,
                60.17155216317508
            ],
            "name": "Siipiweikot Helsinki",
            "online": true,
            "tags": [
                "wings",
                "hotdog"
            ]
        },
        {
            "blurhash": "UYLgb6ad*0%24nf6DiRjI]RjMxSgMxx[kBRQ",
            "city": "Helsinki",
            "currency": "EUR",
            "delivery_price": 390,
            "description": "Sushia tuoreista raaka-aineista",
            "image": "https://prod-wolt-venue-images-cdn.wolt.com/56a1d69c38115153ce516be7/b55be8561839f5bf03cf1e78933a8295",
            "location": [
                24.938321113586426,
                60.16940733239114
            ],
            "name": "Hanko Sushi Forum",
            "online": false,
            "tags": [
                "sushi",
                "japanese"
            ]
        },
        {
            "blurhash": "UUG8TIIAnO%2~AspRkRP^iaJwwxZV@oLr?n%",
            "city": "Helsinki",
            "currency": "EUR",
            "delivery_price": 390,
            "description": "Laadukasta sushia",
            "image": "https://prod-wolt-venue-images-cdn.wolt.com/54fed4b8747daa39fff94ff2/57606ccce2a2ed4ce98d4043934e013e",
            "location": [
                24.939225018024445,
                60.16898783926865
            ],
            "name": "Fuku Helsinki",
            "online": false,
            "tags": [
                "sushi",
                "japanese"
            ]
        },
        {
            "blurhash": "UPF5N}I7WBNfoff6oejY+[JCNZS2jdawofWY",
            "city": "Helsinki",
            "currency": "EUR",
            "delivery_price": 390,
            "description": "Vegeyst\u00e4v\u00e4llinen pihviravintola",
            "image": "https://prod-wolt-venue-images-cdn.wolt.com/568f828c4f2a1574b22f31f6/25d4cb0845abef6d0375f69df874bbb4",
            "location": [
                24.944517016410828,
                60.16923121347787
            ],
            "name": "Grande Grill & Green",
            "online": false,
            "tags": [
                "steak",
                "ribs"
            ]
        },
        {
            "blurhash": "UKK0NI0K?HRPRi%MIpNe9{RkR*tQIUoMoeWU",
            "city": "Helsinki",
            "currency": "EUR",
            "delivery_price": 390,
            "description": "Gourmet hampurilaisia ja triple-cooked ranskalaisia",
            "image": "https://prod-wolt-venue-images-cdn.wolt.com/5cf625dde24129e12f1ec781/636748c3a82679c58550c52e69f152af",
            "location": [
                24.945211708545685,
                60.16962560345579
            ],
            "name": "Friends & Brgrs Helsinki",
            "online": true,
            "tags": [
                "burger",
                "hamburger"
            ]
        },
        {
            "blurhash": "UOH1xsM{?HtR0dR-bFs;KQIpbXn+ibxuxakV",
            "city": "Helsinki",
            "currency": "EUR",
            "delivery_price": 390,
            "description": "Meksikon eksoottiset maut",
            "image": "https://prod-wolt-venue-images-cdn.wolt.com/568f7f3532e7153bff4acd44/0378c2da44b0946efdde51cd7ceb5187",
            "location": [
                24.94443118572235,
                60.16914582214977
            ],
            "name": "Santa F\u00e9",
            "online": true,
            "tags": [
                "mexican",
                "tex-mex"
            ]
        },
        {
            "blurhash": "URF4=1JC~8=^S5ofxsW=e=$$n+s-s.$$o2sn",
            "city": "Helsinki",
            "currency": "EUR",
            "delivery_price": 390,
            "description": "I'm lovin' it",
            "image": "https://prod-wolt-venue-images-cdn.wolt.com/5ae605a7349077000b1f5ef4/51a6fc3beb1c0ec0ee807ea4b4408fcd",
            "location": [
                24.93949592113495,
                60.16883306617657
            ],
            "name": "McDonald's Forum Katutaso",
            "online": true,
            "tags": [
                "hamburger",
                "fries"
            ]
        },
        {
            "blurhash": "UWLfv{IVKR%L~UV_a$X80#RRR4oLjZRlV@oI",
            "city": "Helsinki",
            "currency": "EUR",
            "delivery_price": 390,
            "description": "Makuja Aasiasta",
            "image": "https://prod-wolt-venue-images-cdn.wolt.com/59896f61a417b71d931cad15/fa978b3cd169758ecf13e8b7cd6c6aea",
            "location": [
                24.945158064365387,
                60.16950552327875
            ],
            "name": "Zhonghua",
            "online": false,
            "tags": [
                "asian",
                "chinese"
            ]
        },
        {
            "blurhash": "UdO{~rfm~qs.byk9o#oI-pbIISa$x]obV[Rk",
            "city": "Helsinki",
            "currency": "EUR",
            "delivery_price": 390,
            "description": "Moderni klassinen kahvila",
            "image": "https://prod-wolt-venue-images-cdn.wolt.com/5a05981ba76f3b000cd03d26/867515acfc4d40583fd5e564289f0c40",
            "location": [
                24.937991201877594,
                60.16935075262539
            ],
            "name": "Fazer Caf\u00e9 Forum",
            "online": true,
            "tags": [
                "salad",
                "sandwich"
            ]
        },
        {
            "blurhash": "UDI;3F~Ue7My|r?FKkwHxURO-TOZWUixoex]",
            "city": "Helsinki",
            "currency": "EUR",
            "delivery_price": 390,
            "description": "Herkullisia premium-pizzoja",
            "image": "https://prod-wolt-venue-images-cdn.wolt.com/5cd14ade4bac6f478a5380bf/fb1274eac7797ef590b25adb5b2c37ff",
            "location": [
                24.94235515594482,
                60.16859502607291
            ],
            "name": "Classic Pizza Restaurant Stockmann",
            "online": true,
            "tags": [
                "pizza",
                "premium"
            ]
        },
        {
            "blurhash": "UEI|j%~BiaMy]O?FO[wHxURP-TOZWUi_oex]",
            "city": "Helsinki",
            "currency": "EUR",
            "delivery_price": 390,
            "description": "Herkullisia premium-pizzoja",
            "image": "https://prod-wolt-venue-images-cdn.wolt.com/5c7e85ce3456b6000e4ca16d/f4bc5e4563deed45240f43e1858e3eb3",
            "location": [
                24.93917942047119,
                60.16883944557758
            ],
            "name": "Classic Pizza Restaurant Forum",
            "online": false,
            "tags": [
                "pizza",
                "premium"
            ]
        },
        {
            "blurhash": "UOIhc|R:kHox?ujFxvRjcbRiV@M_?bNHbIow",
            "city": "Helsinki",
            "currency": "EUR",
            "delivery_price": 390,
            "description": "Maukkaita pizzoja ja pastoja",
            "image": "https://prod-wolt-venue-images-cdn.wolt.com/568f8bdf32e715490b1f9f1f/14ba87022c62a50a3809f43fbee9430b",
            "location": [
                24.94480401277542,
                60.16919118632046
            ],
            "name": "Pizzeria & Spagetteria MorriSon's",
            "online": true,
            "tags": [
                "pizza",
                "pasta"
            ]
        },
        {
            "blurhash": "UEKTMO_N@XpINfXn%Mxu_2kV9FtSi{V@RORj",
            "city": "Helsinki",
            "currency": "EUR",
            "delivery_price": 390,
            "description": "Herkulliset pitaleiv\u00e4t ja falafelit",
            "image": "https://prod-wolt-venue-images-cdn.wolt.com/57026b075382793337a5d810/fa4af1398029dcf8510267b3d8381fda",
            "location": [
                24.94521975517273,
                60.169396658544485
            ],
            "name": "Fafa's Mikonkatu",
            "online": false,
            "tags": [
                "pita",
                "falafel"
            ]
        },
        {
            "blurhash": "U+QS@.ae_4kCs,j[WXWV%Na#M_j?jZazj]j@",
            "city": "Helsinki",
            "currency": "EUR",
            "delivery_price": 390,
            "description": "Autenttinen kiinalainen",
            "image": "https://prod-wolt-venue-images-cdn.wolt.com/59896e4afe13b41d94815c80/67761101f983121bd46972bd5f511969",
            "location": [
                24.938661754131317,
                60.1689451433161
            ],
            "name": "Huacheng",
            "online": true,
            "tags": [
                "chinese",
                "asian"
            ]
        },
        {
            "blurhash": "UDI4z]yZ4oxA#OMcVsODD%xI-qX54;eTIpXT",
            "city": "Helsinki",
            "currency": "EUR",
            "delivery_price": 390,
            "description": "Tunnelmallinen bistro",
            "image": "https://prod-wolt-venue-images-cdn.wolt.com/592c1c3d02d61d597578fcb0/4239ff30a6e5c964b33ca9ec6b65aef5",
            "location": [
                24.93749785615364,
                60.17221208309427
            ],
            "name": "Elmo Sport Bistro",
            "online": false,
            "tags": [
                "salad",
                "pizza"
            ]
        },
        {
            "blurhash": "UGHnsTE3W-rs~VN?w|X4S$Rkt7bvxGs,xWR%",
            "city": "Helsinki",
            "currency": "EUR",
            "delivery_price": 390,
            "description": "Helsingin ensimm\u00e4inen kokonaan poke-kulhoille omistettu ravintola",
            "image": "https://prod-wolt-venue-images-cdn.wolt.com/589ca97e51559a1ce5a61f13/8d1518569b7ce3ba72036c24b361a2cd",
            "location": [
                24.94531810272747,
                60.16936389584304
            ],
            "name": "Eat Poke HKI",
            "online": true,
            "tags": [
                "bowl",
                "american"
            ]
        },
        {
            "blurhash": "UYLW^ead*0%24nf6DiRjI]RjMxSgMxx]kBRQ",
            "city": "Helsinki",
            "currency": "EUR",
            "delivery_price": 390,
            "description": "Sushia tuoreista raaka-aineista",
            "image": "https://prod-wolt-venue-images-cdn.wolt.com/5ccab0d56f0ac41e1cd75f7f/3204aff8bf9036615d694f0f85755726",
            "location": [
                24.942486584186554,
                60.16846747856398
            ],
            "name": "Hanko Sushi Stockmann",
            "online": false,
            "tags": [
                "sushi",
                "japanese"
            ]
        },
        {
            "blurhash": "UULghDyZ?H9ax^xv-oX8%2NKNFRPIp?GNHof",
            "city": "Helsinki",
            "currency": "EUR",
            "delivery_price": 390,
            "description": "K\u00e4sintehty\u00e4 sushia",
            "image": "https://prod-wolt-venue-images-cdn.wolt.com/5bd16f9fae0064000c88ce3a/4579a3e0b606975c69ebcf2ab1a50d4b",
            "location": [
                24.937022924423218,
                60.169811851945454
            ],
            "name": "Haiku Sushi",
            "online": false,
            "tags": [
                "sushi",
                "japanese"
            ]
        },
        {
            "blurhash": "UGH-S*IbJQQ.}u$ltQkB,u%M9FV@W=Vt%MS3",
            "city": "Helsinki",
            "currency": "EUR",
            "delivery_price": 390,
            "description": "Amerikkalaistyylinen kahvila",
            "image": "https://prod-wolt-venue-images-cdn.wolt.com/56288e4b13ca203c6efb07fd/0cf7bea0ede96a9c017d966155d17995",
            "location": [
                24.93797779083252,
                60.16901644495906
            ],
            "name": "Arnolds Forum",
            "online": true,
            "tags": [
                "caf\u00e9",
                "smoothie"
            ]
        },
        {
            "blurhash": "UFNA6YD$McENaM%NDNxuyFDhV?=|NL%No}9E",
            "city": "Helsinki",
            "currency": "EUR",
            "delivery_price": 390,
            "description": "Tuoretta ja herkullista ruokaa",
            "image": "https://prod-wolt-venue-images-cdn.wolt.com/5c8a5b14832f47000bd6ded2/a62c60063d10c4b1945582f63c83794a",
            "location": [
                24.938004612922665,
                60.16900385023659
            ],
            "name": "Picnic Forum Kukontori",
            "online": false,
            "tags": [
                "sandwich",
                "salad"
            ]
        },
        {
            "blurhash": "UIMj+}*$?B9pYXoitQk8PVO@IZt9ror;s;NG",
            "city": "Helsinki",
            "currency": "EUR",
            "delivery_price": 390,
            "description": "Pirist\u00e4v\u00e4t mehut & smoothiet",
            "image": "https://prod-wolt-venue-images-cdn.wolt.com/553df9d27ce4db6244fb0ba9/8088de706e432f14376bf98c2b50816c",
            "location": [
                24.938031435012817,
                60.16898838130677
            ],
            "name": "Jungle Juice Bar Forum",
            "online": false,
            "tags": [
                "fruit",
                "smoothie"
            ]
        },
        {
            "blurhash": "UNGt~CVsX:EQ9_D$IVV?0$gN-T-pMdt8i]X9",
            "city": "Helsinki",
            "currency": "EUR",
            "delivery_price": 390,
            "description": "Herkullinen aasialainen",
            "image": "https://prod-wolt-venue-images-cdn.wolt.com/5de10291107530a9eff0a6d4/60bb8d0268e723ff3741fe21324b71fb",
            "location": [
                24.94673252105713,
                60.17130667985175
            ],
            "name": "FLQ Kaisaniemi",
            "online": false,
            "tags": [
                "asian",
                "sushi"
            ]
        },
        {
            "blurhash": "UKIW_f_LV?I.i_o_-lOBQ;WWO?bd%1s:t8S6",
            "city": "Helsinki",
            "currency": "EUR",
            "delivery_price": 390,
            "description": "Modernia vegeruokaa",
            "image": "https://prod-wolt-venue-images-cdn.wolt.com/552aa44a88762f5c29a82cf2/6143ff1c11d01c51163edd34e0a8e865",
            "location": [
                24.937806129455566,
                60.168977874105025
            ],
            "name": "Kippo",
            "online": false,
            "tags": [
                "sandwich",
                "vegetable"
            ]
        },
        {
            "blurhash": "UULXA2%1%%a#oIxZM{kC.TofROWCxuRkogWU",
            "city": "Helsinki",
            "currency": "EUR",
            "delivery_price": 390,
            "description": "Herkullisia pizzoja",
            "image": "https://prod-wolt-venue-images-cdn.wolt.com/5c5c791252b75d000aad59ff/dbe320a61e265a1a85293db4d4f962ae",
            "location": [
                24.93825674057007,
                60.168775401338664
            ],
            "name": "Pizza Hut Forum",
            "online": true,
            "tags": [
                "pizza",
                "family"
            ]
        },
        {
            "blurhash": "U8JG+q-#?p]:~S[mxrpEpw-;rCAa9^m+IBS%",
            "city": "Helsinki",
            "currency": "EUR",
            "delivery_price": 390,
            "description": "Kiinalaisia perinneruokia",
            "image": "https://prod-wolt-venue-images-cdn.wolt.com/56c2ec86909ca36c652dad14/14aa53560b987b36da0d50069ca7e267",
            "location": [
                24.938911199569702,
                60.17328170963167
            ],
            "name": "Jufu Rautatientori",
            "online": false,
            "tags": [
                "chinese",
                "sushi"
            ]
        },
        {
            "blurhash": "UNJ%B,mmnSjC0|xv9vkV0gMx^jfiO@IUVZs.",
            "city": "Helsinki",
            "currency": "EUR",
            "delivery_price": 390,
            "description": "Kahvila vaativampaankin makuun",
            "image": "https://prod-wolt-venue-images-cdn.wolt.com/5af953c7207d2d000b7aa366/8058b84912713366f8f3ac56069588be",
            "location": [
                24.93574619293213,
                60.17055900339451
            ],
            "name": "La Torrefazione Lasipalatsi",
            "online": true,
            "tags": [
                "breakfast",
                "smoothie"
            ]
        },
        {
            "blurhash": "UFDb{1Ro9axbZfRjS%s*0hs+a$V@.9skNGbd",
            "city": "Helsinki",
            "currency": "EUR",
            "delivery_price": 390,
            "description": "Pirte\u00e4 meksikolainen",
            "image": "https://prod-wolt-venue-images-cdn.wolt.com/556d62a8ecffe75fb9adcf72/d9656acee3ddeac948e66b9fd9a8bf89",
            "location": [
                24.938015341758728,
                60.1685600850262
            ],
            "name": "Suburritos",
            "online": true,
            "tags": [
                "mexican",
                "burrito"
            ]
        },
        {
            "blurhash": "UGD]0b?H4.Rj%1M|IUxt0LV[$*t7-;%LtRRj",
            "city": "Helsinki",
            "currency": "EUR",
            "delivery_price": 390,
            "description": "Aitoa nepalilaista ruokaa",
            "image": "https://prod-wolt-venue-images-cdn.wolt.com/55fa75f1c04ebe1d044c6799/564f79a2f7727050a01a7916382c33b6",
            "location": [
                24.946971237659454,
                60.16990045198688
            ],
            "name": "Base Camp Yliopistonkatu",
            "online": false,
            "tags": [
                "nepalese",
                "spicy"
            ]
        },
        {
            "blurhash": "UZI;hVEMERt802e-M{R,Eks,xDn+tONI={bb",
            "city": "Helsinki",
            "currency": "EUR",
            "delivery_price": 390,
            "description": "Maukkaita ja runsaita annoksia",
            "image": "https://prod-wolt-venue-images-cdn.wolt.com/5a1fab116727b2000cb60485/70b7e5d41c1adb8d31ec439336bc77a4",
            "location": [
                24.940552711486813,
                60.16798959838481
            ],
            "name": "O'Learys Bakers",
            "online": false,
            "tags": [
                "hamburger",
                "wings"
            ]
        },
        {
            "blurhash": "UQP?jv.9.Txu-;e-R*Nb%$M{eTxup0ofMwWA",
            "city": "Helsinki",
            "currency": "EUR",
            "delivery_price": 390,
            "description": "Herkulliset makeat ja suolaiset vohvelit",
            "image": "https://prod-wolt-venue-images-cdn.wolt.com/5cebc11129767db5f44809e6/68415e1504b099daa40f4bf69f230224",
            "location": [
                24.94718849658966,
                60.17163700625446
            ],
            "name": "Happy Waffle Helsinki",
            "online": false,
            "tags": [
                "waffles",
                "sweet"
            ]
        },
        {
            "blurhash": "UoKcR]9|NMs*}BoyjEkDwgxZs+WF%Ma$W=jZ",
            "city": "Helsinki",
            "currency": "EUR",
            "delivery_price": 390,
            "description": "Meksikolainen pikaruokaravintola",
            "image": "https://prod-wolt-venue-images-cdn.wolt.com/5ba4c27fc541b0000c1d15c3/6f47829d0b2a7f3fa357416eb04edd01-edits/7487c59e28f78880753406a4315752b8",
            "location": [
                24.940222799777985,
                60.16799781259545
            ],
            "name": "Taco Bell Baker's",
            "online": true,
            "tags": [
                "mexican",
                "taco"
            ]
        },
        {
            "blurhash": "UHH_GGD*Iq?u}?x]%MxuSgf+D*NL-.IVE3ac",
            "city": "Helsinki",
            "currency": "EUR",
            "delivery_price": 390,
            "description": "Gourmet burgerit Australiasta",
            "image": "https://prod-wolt-venue-images-cdn.wolt.com/55f71c7ec04ebe16e6859aa7/121b9eccc7d813b541aa42a164fdf4ed",
            "location": [
                24.938988983631134,
                60.173556527576
            ],
            "name": "Woolshed \u2013 Australian Gastropub",
            "online": true,
            "tags": [
                "gourmet",
                "hamburger"
            ]
        },
        {
            "blurhash": "ULLNY-4:%MRh~WI[E0?cO=D%eSbv$xaK%Loy",
            "city": "Helsinki",
            "currency": "EUR",
            "delivery_price": 390,
            "description": "Tuoretta ja herkullista ruokaa",
            "image": "https://prod-wolt-venue-images-cdn.wolt.com/56fb827bad0ea370a6ab1cfc/4834fbf85136d709765adc096d8739f8",
            "location": [
                24.947304725428694,
                60.16990544139176
            ],
            "name": "Picnic Yliopistonkatu",
            "online": true,
            "tags": [
                "sandwich",
                "salad"
            ]
        },
        {
            "blurhash": "UHNJ8q0KBGIpNMpIi]S6oxspD%nz%Mxt%2sk",
            "city": "Helsinki",
            "currency": "EUR",
            "delivery_price": 390,
            "description": "Liekill\u00e4 grillatut hampurilaiset",
            "image": "https://prod-wolt-venue-images-cdn.wolt.com/5a43b26f47f236000d931ef8/17f135df32054eea1867cc4a5425c7a5",
            "location": [
                24.94093894958496,
                60.1678058413693
            ],
            "name": "Burger King Mannerheimintie",
            "online": false,
            "tags": [
                "hamburger",
                "chicken"
            ]
        }
    ]
}